{
    "Prompt-level-strict-accuracy": 68.33333333333333,
    "Inst-level-strict-accuracy": 70.93023255813954,
    "Prompt-level-loose-accuracy": 71.33333333333334,
    "Inst-level-loose-accuracy": 73.54651162790698
}